DPA_PARROQ,RIESGO_INUNDACION,SCORE
10151.0,Medio,0.91
10153.0,Medio,0.96
10154.0,Bajo,0.99
10155.0,Medio,0.94
10150.0,Bajo,0.96
10152.0,Bajo,0.99
10156.0,Bajo,1.0
10157.0,Bajo,0.95
10158.0,Bajo,1.0
10159.0,Bajo,0.98
10160.0,Bajo,0.99
10161.0,Bajo,0.95
10162.0,Bajo,0.97
10163.0,Bajo,0.99
10164.0,Bajo,1.0
10165.0,Bajo,0.98
10166.0,Bajo,0.99
10167.0,Medio,0.95
10168.0,Medio,0.84
10169.0,Medio,0.95
10170.0,Bajo,1.0
10171.0,Bajo,0.95
10251.0,Bajo,1.0
10250.0,Bajo,0.99
10252.0,Bajo,0.97
10352.0,Bajo,0.97
10350.0,Bajo,0.97
10353.0,Bajo,0.98
10359.0,Bajo,0.99
10354.0,Medio,0.97
10356.0,Bajo,1.0
10357.0,Medio,0.9
10360.0,Bajo,0.99
10358.0,Bajo,0.99
10451.0,Medio,0.97
10452.0,Bajo,0.99
10453.0,Bajo,0.95
10450.0,Medio,0.81
10552.0,Medio,0.99
10553.0,Bajo,1.0
109074.41182682154,Bajo,1.0
10554.0,Bajo,1.0
10556.0,Bajo,1.0
10550.0,Bajo,0.97
10559.0,Medio,0.96
10561.0,Medio,0.98
10650.0,Medio,0.86
10652.0,Bajo,0.99
10751.0,Bajo,1.0
10750.0,Bajo,0.99
10851.0,Medio,0.96
10850.0,Bajo,0.91
10853.0,Bajo,0.96
10951.0,Medio,0.99
10952.0,Medio,0.96
10953.0,Medio,0.93
10954.0,Bajo,1.0
10955.0,Bajo,0.94
10956.0,Bajo,0.96
10950.0,Bajo,0.94
109074.41182682154,Bajo,0.98
11051.0,Bajo,0.99
11150.0,Bajo,0.99
11152.0,Bajo,1.0
11153.0,Bajo,1.0
11151.0,Bajo,0.96
11154.0,Bajo,0.99
11250.0,Bajo,1.0
11253.0,Medio,0.96
11351.0,Bajo,0.96
11352.0,Medio,0.94
11350.0,Bajo,1.0
11450.0,Medio,0.98
11550.0,Bajo,0.92
11551.0,Bajo,0.83
20151.0,Medio,0.95
20150.0,Medio,0.81
20153.0,Alto,0.84
20155.0,Medio,0.99
20156.0,Medio,0.99
20160.0,Alto,0.79
20157.0,Medio,0.99
109074.41182682154,Medio,0.96
20159.0,Alto,0.9
20250.0,Alto,0.96
20251.0,Medio,0.96
109074.41182682154,Medio,0.98
109074.41182682154,Medio,0.99
109074.41182682154,Medio,0.91
109074.41182682154,Medio,0.98
109074.41182682154,Medio,1.0
20450.0,Medio,1.0
20551.0,Alto,0.95
20552.0,Medio,0.93
20553.0,Medio,0.99
20550.0,Medio,0.97
20554.0,Alto,0.93
20556.0,Medio,0.97
20555.0,Medio,0.95
20650.0,Medio,0.97
20750.0,Bajo,0.99
30150.0,Bajo,0.98
30151.0,Bajo,0.99
30153.0,Bajo,1.0
30154.0,Medio,0.88
30155.0,Bajo,1.0
30156.0,Bajo,0.95
30157.0,Medio,0.95
30158.0,Bajo,1.0
30160.0,Bajo,0.99
30250.0,Bajo,0.98
30254.0,Medio,0.96
30251.0,Bajo,1.0
30252.0,Bajo,1.0
30253.0,Bajo,0.99
30350.0,Bajo,0.93
30351.0,Bajo,0.95
30352.0,Bajo,0.98
30363.0,Bajo,0.98
30353.0,Bajo,1.0
30354.0,Bajo,0.94
30355.0,Medio,0.88
30356.0,Bajo,0.97
30357.0,Bajo,0.98
30358.0,Medio,0.96
30362.0,Bajo,0.9
30361.0,Bajo,1.0
30450.0,Medio,0.67
30451.0,Alto,0.99
30452.0,Alto,0.92
30550.0,Bajo,0.96
30650.0,Bajo,0.97
30651.0,Bajo,0.99
30750.0,Bajo,1.0
40151.0,Alto,0.98
40159.0,Medio,0.95
40153.0,Alto,0.84
40154.0,Medio,0.97
40155.0,Bajo,0.95
40161.0,Medio,0.87
40156.0,Medio,0.97
40157.0,Medio,0.93
40150.0,Bajo,0.97
40158.0,Medio,0.97
40250.0,Medio,0.98
40251.0,Bajo,0.95
40252.0,Bajo,0.97
40253.0,Bajo,0.95
40255.0,Bajo,0.98
40254.0,Bajo,0.96
40350.0,Bajo,0.95
40351.0,Bajo,0.92
40352.0,Bajo,0.98
40353.0,Bajo,0.96
40451.0,Medio,0.92
40452.0,Medio,0.98
40453.0,Medio,0.99
40450.0,Medio,0.98
40552.0,Bajo,0.94
40551.0,Medio,0.9
40553.0,Medio,0.93
40554.0,Medio,0.96
40555.0,Bajo,0.94
40550.0,Medio,0.94
40650.0,Medio,0.96
40651.0,Bajo,0.96
109074.41182682154,Bajo,0.95
50151.0,Bajo,0.97
50152.0,Bajo,0.94
50153.0,Alto,0.72
50154.0,Bajo,0.85
50150.0,Bajo,0.99
50156.0,Bajo,0.99
50158.0,Bajo,0.94
50159.0,Bajo,0.94
50161.0,Bajo,0.94
50162.0,Bajo,0.92
50251.0,Medio,0.99
50250.0,Medio,0.75
50252.0,Alto,0.97
50350.0,Medio,0.86
50351.0,Medio,0.97
50352.0,Medio,0.96
50353.0,Medio,0.99
50451.0,Medio,0.96
50453.0,Medio,0.99
50455.0,Medio,0.99
50456.0,Bajo,0.92
50450.0,Bajo,0.96
50457.0,Bajo,0.98
50458.0,Medio,0.96
50551.0,Medio,0.65
50552.0,Bajo,0.98
50553.0,Bajo,1.0
50554.0,Bajo,0.96
50555.0,Bajo,1.0
50550.0,Medio,0.94
50651.0,Bajo,0.93
50652.0,Alto,0.76
50653.0,Bajo,0.95
50650.0,Medio,0.95
109074.41182682154,Medio,0.97
50752.0,Medio,0.97
50753.0,Alto,0.93
50754.0,Alto,0.78
50750.0,Medio,0.95
60151.0,Medio,0.91
60152.0,Bajo,0.96
60153.0,Bajo,1.0
60154.0,Medio,0.89
60155.0,Medio,0.95
60156.0,Bajo,0.96
60157.0,Bajo,0.96
60158.0,Bajo,0.99
60159.0,Bajo,0.97
60150.0,Bajo,0.93
60160.0,Bajo,0.98
60161.0,Medio,0.9
60251.0,Medio,0.96
60250.0,Medio,0.97
60253.0,Bajo,1.0
60254.0,Bajo,0.97
60255.0,Bajo,0.97
60256.0,Bajo,0.98
60257.0,Bajo,1.0
60258.0,Bajo,0.99
60259.0,Bajo,0.97
60260.0,Medio,0.91
60351.0,Bajo,0.94
60352.0,Bajo,1.0
60353.0,Bajo,0.93
60354.0,Bajo,0.98
109074.41182682154,Bajo,0.99
60450.0,Bajo,0.99
60551.0,Bajo,0.99
60550.0,Medio,0.89
60552.0,Medio,0.93
60553.0,Bajo,0.76
60554.0,Bajo,0.97
60651.0,Bajo,1.0
60650.0,Bajo,0.98
60652.0,Bajo,0.96
60751.0,Medio,0.9
60750.0,Bajo,0.93
60752.0,Bajo,1.0
60753.0,Bajo,0.96
60754.0,Bajo,0.9
60755.0,Bajo,0.95
60756.0,Medio,0.99
60757.0,Bajo,0.97
60758.0,Bajo,0.92
60759.0,Bajo,0.86
60850.0,Medio,0.78
60956.0,Medio,0.83
60951.0,Medio,0.96
60955.0,Medio,0.87
60952.0,Alto,0.77
60950.0,Medio,0.96
60953.0,Medio,1.0
60954.0,Bajo,0.98
61050.0,Alto,0.94
70152.0,Alto,0.75
70150.0,Bajo,0.74
70250.0,Medio,0.91
70255.0,Medio,0.91
70251.0,Alto,0.82
70254.0,Alto,0.83
70351.0,Medio,0.96
109074.41182682154,Medio,0.99
70352.0,Medio,0.95
70353.0,Medio,0.88
70350.0,Alto,0.81
70354.0,Medio,0.91
70450.0,Medio,0.99
70451.0,Medio,0.91
70550.0,Bajo,0.93
70651.0,Medio,0.86
70650.0,Medio,0.82
70652.0,Medio,0.88
70654.0,Bajo,0.82
70653.0,Bajo,0.79
70750.0,Medio,0.83
70851.0,Medio,1.0
70850.0,Medio,0.96
70951.0,Medio,0.8
70952.0,Bajo,0.96
109074.41182682154,Bajo,0.99
70953.0,Bajo,0.73
70950.0,Bajo,0.93
70954.0,Medio,0.85
70955.0,Bajo,0.94
71051.0,Alto,0.8
71052.0,Alto,0.87
71053.0,Medio,0.99
71054.0,Alto,0.96
71050.0,Bajo,0.96
71055.0,Medio,0.97
71056.0,Medio,0.94
71151.0,Bajo,0.93
71152.0,Bajo,0.91
71150.0,Bajo,0.91
71153.0,Bajo,0.94
71257.0,Medio,0.95
71251.0,Medio,0.51
71252.0,Medio,0.9
71253.0,Medio,0.68
71254.0,Bajo,0.84
71250.0,Bajo,0.96
71255.0,Bajo,0.95
71256.0,Medio,0.87
71351.0,Bajo,0.99
71352.0,Bajo,0.98
71353.0,Bajo,0.95
71354.0,Bajo,1.0
71355.0,Bajo,0.99
71356.0,Bajo,0.97
71357.0,Bajo,0.99
71359.0,Bajo,0.98
71358.0,Bajo,0.98
71350.0,Bajo,0.86
71452.0,Medio,0.99
71451.0,Medio,0.93
71450.0,Bajo,0.98
71453.0,Bajo,0.99
80152.0,Alto,0.98
80154.0,Medio,0.93
80153.0,Medio,0.97
80150.0,Bajo,0.9
80159.0,Alto,0.97
80163.0,Alto,0.98
80165.0,Alto,1.0
80166.0,Medio,0.99
80168.0,Medio,0.97
80251.0,Alto,0.96
80252.0,Medio,0.92
80253.0,Medio,0.85
80262.0,Medio,0.87
80254.0,Alto,0.87
80255.0,Alto,0.92
80256.0,Alto,0.97
80257.0,Medio,0.88
80258.0,Alto,0.91
80263.0,Alto,0.97
80259.0,Alto,0.94
80260.0,Alto,0.99
80261.0,Medio,0.99
80264.0,Medio,0.94
80250.0,Alto,0.94
80351.0,Medio,0.85
80352.0,Medio,0.85
80353.0,Medio,0.98
80350.0,Medio,0.77
109074.41182682154,Medio,0.93
80355.0,Alto,0.92
80356.0,Medio,0.97
80357.0,Alto,0.96
80358.0,Alto,0.94
80452.0,Alto,0.94
80451.0,Medio,0.98
80455.0,Medio,0.92
80453.0,Alto,0.99
80450.0,Medio,0.95
80454.0,Medio,0.98
80555.0,Alto,0.97
80551.0,Medio,0.95
80552.0,Medio,0.67
80553.0,Alto,0.96
80554.0,Medio,0.74
80556.0,Alto,0.91
80557.0,Medio,0.85
80558.0,Alto,0.92
80550.0,Alto,0.89
80559.0,Medio,0.84
80560.0,Medio,0.92
80561.0,Alto,0.96
80562.0,Alto,0.89
80650.0,Medio,0.83
80651.0,Medio,0.99
80652.0,Alto,0.96
80653.0,Medio,0.96
80654.0,Medio,0.92
80751.0,Medio,0.94
80752.0,Medio,0.95
80753.0,Medio,0.94
80754.0,Medio,0.93
80750.0,Alto,0.81
80755.0,Alto,0.92
80850.0,Bajo,0.83
90150.0,Medio,0.85
109074.41182682154,Alto,0.73
90153.0,Alto,0.91
90156.0,Alto,0.72
90157.0,Alto,0.94
90158.0,Alto,0.91
90250.0,Alto,0.99
90350.0,Medio,0.63
90450.0,Alto,0.56
90550.0,Alto,0.93
90551.0,Medio,0.86
90650.0,Medio,0.69
90652.0,Alto,0.97
90653.0,Alto,0.98
90654.0,Alto,0.99
90656.0,Alto,0.97
90750.0,Medio,0.9
109074.41182682154,Alto,0.96
109074.41182682154,Alto,0.97
109074.41182682154,Alto,0.95
90950.0,Alto,0.82
91051.0,Alto,0.94
91053.0,Alto,0.98
91050.0,Alto,0.88
91054.0,Alto,0.99
91151.0,Alto,0.97
91150.0,Alto,0.92
91152.0,Alto,0.74
91153.0,Alto,0.99
91154.0,Alto,0.87
91250.0,Alto,0.99
91350.0,Alto,0.93
91450.0,Alto,0.86
91452.0,Alto,0.97
109074.41182682154,Medio,0.94
91650.0,Medio,0.87
91651.0,Alto,0.98
91850.0,Alto,0.96
109074.41182682154,Alto,0.98
109074.41182682154,Alto,0.99
109074.41182682154,Alto,1.0
109074.41182682154,Alto,0.99
109074.41182682154,Alto,0.99
109074.41182682154,Alto,0.99
109074.41182682154,Alto,0.97
109074.41182682154,Alto,1.0
92150.0,Medio,0.54
109074.41182682154,Alto,0.97
92250.0,Alto,0.99
109074.41182682154,Alto,0.97
92450.0,Alto,0.92
92550.0,Alto,0.98
109074.41182682154,Alto,0.93
92850.0,Medio,0.95
100151.0,Bajo,0.99
100152.0,Medio,0.96
100153.0,Bajo,0.91
109074.41182682154,Bajo,0.99
100154.0,Medio,0.98
100155.0,Bajo,0.91
100156.0,Medio,0.92
100157.0,Medio,0.95
100250.0,Bajo,0.99
100251.0,Medio,0.99
109074.41182682154,Bajo,0.93
100253.0,Medio,0.99
100254.0,Bajo,0.92
100357.0,Alto,0.94
100351.0,Alto,0.94
100350.0,Bajo,0.95
100352.0,Medio,0.97
100353.0,Medio,0.91
100354.0,Alto,0.9
100355.0,Medio,0.99
100356.0,Alto,0.86
100358.0,Medio,0.96
109074.41182682154,Bajo,1.0
100452.0,Medio,0.98
100453.0,Medio,0.94
100450.0,Bajo,1.0
100454.0,Bajo,0.92
100455.0,Medio,0.94
100456.0,Bajo,0.99
100457.0,Medio,0.99
100458.0,Bajo,0.99
100459.0,Bajo,0.97
100551.0,Bajo,0.95
100552.0,Medio,0.96
100550.0,Bajo,0.95
109074.41182682154,Bajo,0.95
100651.0,Alto,0.91
100652.0,Medio,0.98
100653.0,Medio,0.98
100654.0,Alto,0.82
100655.0,Medio,0.97
100650.0,Medio,0.96
110151.0,Medio,0.99
110152.0,Bajo,0.98
110153.0,Bajo,1.0
110154.0,Medio,0.95
110155.0,Bajo,0.99
110150.0,Bajo,0.87
110156.0,Bajo,1.0
110163.0,Bajo,0.99
110157.0,Bajo,0.97
110158.0,Medio,0.98
110159.0,Medio,0.95
110160.0,Medio,0.99
110161.0,Bajo,0.99
110162.0,Bajo,0.97
110250.0,Bajo,0.99
110251.0,Medio,0.8
110252.0,Bajo,0.98
109074.41182682154,Bajo,0.99
110253.0,Bajo,1.0
110350.0,Bajo,0.9
110351.0,Medio,0.86
110352.0,Bajo,0.99
109074.41182682154,Bajo,0.99
110354.0,Bajo,0.99
110450.0,Medio,0.93
110451.0,Medio,0.97
109074.41182682154,Medio,0.97
110456.0,Medio,0.96
109074.41182682154,Medio,0.97
110554.0,Bajo,0.99
110551.0,Bajo,0.97
110550.0,Medio,0.78
110552.0,Bajo,0.94
110553.0,Bajo,0.97
110654.0,Bajo,0.98
110650.0,Bajo,0.97
110651.0,Bajo,0.99
110656.0,Bajo,1.0
110655.0,Bajo,0.99
110652.0,Bajo,1.0
110653.0,Bajo,1.0
109074.41182682154,Bajo,1.0
110750.0,Medio,0.92
110753.0,Bajo,0.95
110754.0,Bajo,0.99
110756.0,Bajo,0.99
110852.0,Bajo,0.99
110851.0,Bajo,1.0
110850.0,Bajo,0.98
110853.0,Bajo,0.95
110951.0,Bajo,0.99
110958.0,Medio,0.98
110950.0,Bajo,0.97
110952.0,Medio,0.96
110954.0,Medio,0.91
110956.0,Medio,0.97
110957.0,Alto,0.82
110959.0,Medio,0.92
111050.0,Medio,0.96
111051.0,Medio,0.98
111052.0,Medio,0.99
111053.0,Medio,0.99
111054.0,Medio,0.97
111055.0,Medio,0.95
111151.0,Medio,0.94
111152.0,Bajo,0.99
111153.0,Bajo,1.0
111154.0,Bajo,0.91
111155.0,Bajo,1.0
111156.0,Bajo,0.93
111157.0,Bajo,0.95
111150.0,Medio,0.95
111158.0,Bajo,1.0
111160.0,Bajo,0.99
111159.0,Bajo,0.98
111251.0,Bajo,0.97
111250.0,Bajo,1.0
111252.0,Bajo,0.98
111355.0,Bajo,0.97
111356.0,Bajo,0.98
111352.0,Bajo,0.97
111353.0,Bajo,0.93
111354.0,Bajo,0.94
111350.0,Bajo,0.9
111452.0,Medio,0.96
111451.0,Medio,0.95
111450.0,Medio,0.99
111551.0,Bajo,0.99
111550.0,Bajo,1.0
111552.0,Bajo,1.0
111651.0,Medio,0.93
111650.0,Bajo,0.99
120150.0,Medio,0.83
120152.0,Alto,0.98
120153.0,Alto,0.91
120155.0,Alto,0.95
120154.0,Alto,0.99
120250.0,Alto,1.0
120251.0,Alto,0.99
120252.0,Alto,0.99
120350.0,Alto,0.99
120450.0,Alto,1.0
120451.0,Alto,0.99
120452.0,Alto,0.93
120555.0,Alto,0.95
120550.0,Medio,0.92
120553.0,Alto,0.88
120650.0,Alto,0.97
120651.0,Medio,0.96
120750.0,Alto,0.96
120752.0,Alto,0.97
120851.0,Alto,1.0
120850.0,Alto,0.9
120950.0,Alto,0.99
121051.0,Medio,0.69
121050.0,Medio,0.47
121150.0,Medio,0.97
121250.0,Alto,1.0
121350.0,Alto,0.99
130151.0,Medio,0.9
130152.0,Bajo,0.93
130157.0,Medio,0.89
130153.0,Bajo,0.77
130150.0,Bajo,0.93
130154.0,Bajo,0.97
130155.0,Bajo,0.93
130156.0,Bajo,0.9
130250.0,Medio,0.86
130251.0,Alto,0.96
130252.0,Medio,0.96
130351.0,Bajo,0.93
130352.0,Medio,0.97
130354.0,Medio,0.91
130350.0,Bajo,0.98
130353.0,Alto,0.94
130355.0,Alto,0.98
130356.0,Medio,0.95
130357.0,Alto,0.97
130450.0,Bajo,0.92
130452.0,Medio,0.83
130451.0,Alto,0.93
130550.0,Medio,0.98
130551.0,Alto,0.93
130552.0,Medio,0.99
130651.0,Bajo,0.99
130652.0,Bajo,0.98
130650.0,Bajo,0.99
130653.0,Medio,0.87
130654.0,Bajo,0.99
130656.0,Medio,0.73
130657.0,Bajo,0.99
130658.0,Bajo,0.97
130750.0,Alto,0.95
130850.0,Bajo,0.97
130851.0,Bajo,0.99
130852.0,Bajo,0.92
130952.0,Bajo,0.99
130950.0,Bajo,0.97
131051.0,Medio,0.94
131052.0,Medio,0.97
131053.0,Alto,0.94
131054.0,Alto,0.96
131050.0,Medio,0.9
131151.0,Medio,0.96
131150.0,Alto,0.94
131152.0,Medio,0.98
131250.0,Medio,0.59
131351.0,Alto,0.96
131352.0,Medio,0.98
131353.0,Alto,0.96
131355.0,Medio,0.97
131350.0,Bajo,0.97
131450.0,Bajo,0.99
131453.0,Medio,0.68
131457.0,Medio,0.86
131552.0,Alto,0.8
131551.0,Medio,0.82
131550.0,Bajo,0.92
131653.0,Medio,0.96
131651.0,Medio,0.93
131652.0,Medio,0.96
131650.0,Medio,0.94
131752.0,Alto,0.97
131753.0,Medio,0.96
131751.0,Alto,0.98
131750.0,Medio,0.96
131850.0,Medio,0.93
131951.0,Bajo,0.97
131950.0,Bajo,0.93
131952.0,Bajo,0.95
132050.0,Bajo,0.96
132150.0,Bajo,0.64
132251.0,Medio,0.72
132250.0,Bajo,0.97
140151.0,Alto,0.94
140162.0,Alto,0.93
140153.0,Alto,0.92
140150.0,Medio,0.92
140164.0,Medio,0.94
140156.0,Medio,0.97
140157.0,Alto,0.93
140158.0,Medio,0.98
140160.0,Medio,0.97
140251.0,Medio,0.67
140252.0,Bajo,0.87
140253.0,Medio,0.99
140254.0,Medio,0.96
140258.0,Alto,0.96
140255.0,Medio,0.96
140250.0,Bajo,0.97
140256.0,Medio,0.97
140257.0,Alto,0.86
109074.41182682154,Medio,0.99
140351.0,Medio,0.98
140353.0,Medio,0.99
140356.0,Alto,0.97
109074.41182682154,Medio,0.97
140358.0,Medio,0.99
140455.0,Alto,0.97
140451.0,Alto,0.94
140452.0,Medio,0.91
140450.0,Alto,0.85
140454.0,Medio,0.84
140552.0,Medio,0.99
140551.0,Medio,0.91
140553.0,Medio,0.99
109074.41182682154,Bajo,0.98
109074.41182682154,Medio,0.99
140550.0,Medio,0.98
140556.0,Medio,0.99
140651.0,Alto,0.95
140652.0,Alto,0.85
140655.0,Medio,0.97
140650.0,Medio,0.95
140751.0,Medio,0.95
140750.0,Medio,0.97
140851.0,Medio,0.98
140852.0,Medio,0.81
140853.0,Bajo,0.85
140850.0,Medio,0.97
140854.0,Alto,0.95
140951.0,Medio,0.85
140952.0,Alto,0.97
140954.0,Alto,0.95
140950.0,Medio,0.99
109074.41182682154,Medio,0.94
109074.41182682154,Medio,0.96
109074.41182682154,Bajo,0.97
109074.41182682154,Medio,0.99
109074.41182682154,Medio,0.94
141251.0,Medio,0.94
109074.41182682154,Medio,0.99
150151.0,Alto,0.99
150153.0,Medio,0.96
150154.0,Medio,0.98
150155.0,Alto,0.98
150156.0,Medio,0.96
150157.0,Alto,0.8
150150.0,Alto,0.87
150350.0,Medio,0.94
150352.0,Alto,0.9
150354.0,Alto,0.94
150450.0,Alto,0.93
150451.0,Alto,0.98
150452.0,Bajo,0.91
150453.0,Alto,0.88
150454.0,Medio,0.96
150455.0,Alto,0.94
150750.0,Medio,0.98
150751.0,Medio,1.0
150752.0,Medio,0.98
150753.0,Medio,0.99
150754.0,Medio,0.98
150756.0,Medio,0.8
109074.41182682154,Medio,0.93
160152.0,Alto,0.98
160154.0,Medio,0.95
160166.0,Alto,0.99
160155.0,Alto,0.96
160156.0,Medio,0.9
160157.0,Alto,0.98
160150.0,Alto,0.71
160158.0,Medio,0.95
160159.0,Medio,0.89
160161.0,Alto,0.98
160162.0,Alto,0.98
160163.0,Alto,0.98
160164.0,Medio,0.96
160165.0,Medio,0.96
160251.0,Alto,0.96
160250.0,Medio,0.95
160252.0,Medio,0.75
160351.0,Alto,0.89
160350.0,Medio,0.93
160450.0,Medio,0.95
160451.0,Alto,0.98
170151.0,Medio,0.98
170152.0,Medio,0.98
170153.0,Bajo,0.96
170154.0,Bajo,0.94
170155.0,Medio,0.94
170158.0,Bajo,0.96
170159.0,Medio,0.96
170156.0,Medio,0.95
170157.0,Bajo,0.98
170160.0,Bajo,0.96
170161.0,Medio,0.87
170162.0,Medio,0.95
170163.0,Medio,0.94
170164.0,Bajo,1.0
170165.0,Bajo,0.91
170166.0,Medio,0.98
170168.0,Bajo,0.93
170169.0,Bajo,0.97
170170.0,Bajo,0.91
170171.0,Bajo,0.93
170172.0,Bajo,0.91
170174.0,Bajo,0.93
170175.0,Bajo,0.97
170176.0,Medio,0.95
170177.0,Bajo,0.94
170178.0,Medio,0.95
170179.0,Bajo,0.96
170150.0,Bajo,0.88
170180.0,Bajo,0.98
170181.0,Bajo,0.93
170183.0,Bajo,0.96
170184.0,Medio,0.98
170185.0,Bajo,0.93
170186.0,Bajo,0.97
170251.0,Bajo,0.99
170252.0,Bajo,0.91
170250.0,Bajo,0.94
170253.0,Medio,0.95
170254.0,Bajo,0.99
170255.0,Bajo,1.0
170351.0,Bajo,0.95
170352.0,Bajo,0.98
170353.0,Medio,0.98
170354.0,Bajo,0.93
170350.0,Bajo,0.94
170355.0,Medio,0.88
170356.0,Medio,1.0
170357.0,Bajo,0.99
170451.0,Medio,0.96
170452.0,Bajo,0.98
170450.0,Medio,0.98
170453.0,Medio,0.97
170454.0,Medio,0.94
109074.41182682154,Medio,0.93
109074.41182682154,Medio,0.98
109074.41182682154,Bajo,0.94
170751.0,Medio,0.98
170750.0,Medio,0.98
170850.0,Alto,0.95
170950.0,Medio,0.98
180151.0,Bajo,0.93
180150.0,Bajo,0.98
180152.0,Bajo,0.94
180153.0,Bajo,0.92
180154.0,Medio,0.98
180167.0,Medio,0.97
180155.0,Medio,0.89
180156.0,Bajo,0.97
180157.0,Medio,0.95
180158.0,Bajo,0.97
180159.0,Bajo,0.98
180160.0,Bajo,0.97
180161.0,Bajo,0.96
180162.0,Bajo,0.99
180163.0,Medio,0.83
180164.0,Bajo,0.98
180165.0,Bajo,1.0
180166.0,Bajo,0.76
180168.0,Bajo,0.98
109074.41182682154,Medio,0.89
109074.41182682154,Medio,0.98
109074.41182682154,Medio,0.98
109074.41182682154,Medio,0.99
109074.41182682154,Medio,0.98
180350.0,Bajo,0.8
180450.0,Bajo,1.0
180451.0,Bajo,0.98
180551.0,Medio,0.97
180552.0,Bajo,0.93
180550.0,Medio,1.0
180553.0,Medio,0.95
180650.0,Medio,0.99
180651.0,Medio,0.99
180652.0,Bajo,0.99
180751.0,Bajo,0.98
180752.0,Bajo,0.94
180754.0,Bajo,1.0
180753.0,Medio,0.95
180755.0,Bajo,0.97
180756.0,Medio,0.99
180757.0,Bajo,0.9
180750.0,Bajo,0.99
180758.0,Bajo,0.81
180851.0,Bajo,0.86
180852.0,Medio,0.96
180853.0,Medio,0.89
180850.0,Bajo,0.99
180854.0,Bajo,1.0
180855.0,Bajo,0.98
180856.0,Medio,0.88
180857.0,Bajo,0.97
180951.0,Bajo,0.92
180950.0,Medio,0.94
190151.0,Bajo,0.9
190152.0,Medio,0.84
190153.0,Medio,0.95
190155.0,Bajo,0.94
190158.0,Bajo,0.92
190156.0,Medio,0.9
190150.0,Bajo,0.98
190251.0,Bajo,0.99
190252.0,Bajo,1.0
190254.0,Bajo,1.0
190256.0,Bajo,0.99
190259.0,Medio,0.89
190250.0,Bajo,0.99
190350.0,Medio,0.98
190352.0,Bajo,0.9
190351.0,Alto,0.89
190450.0,Bajo,0.93
190451.0,Medio,0.93
190452.0,Medio,0.96
190551.0,Medio,0.99
190553.0,Medio,0.97
109074.41182682154,Medio,0.92
109074.41182682154,Medio,1.0
190650.0,Alto,0.95
190652.0,Alto,0.94
190653.0,Alto,0.97
190750.0,Medio,0.95
190851.0,Bajo,0.99
190854.0,Bajo,0.95
190850.0,Bajo,0.97
109074.41182682154,Bajo,0.98
190853.0,Bajo,0.98
190951.0,Bajo,0.88
190952.0,Medio,0.98
190950.0,Alto,0.93
200151.0,Bajo,0.98
200152.0,Bajo,0.97
200150.0,Bajo,0.98
200250.0,Bajo,0.99
200251.0,Bajo,0.97
200351.0,Bajo,0.94
200350.0,Medio,0.8
200352.0,Bajo,0.97
210152.0,Alto,0.86
210155.0,Medio,0.78
210153.0,Medio,0.9
210157.0,Medio,0.96
210150.0,Alto,0.78
210156.0,Medio,0.9
109074.41182682154,Medio,0.89
210251.0,Medio,0.9
210252.0,Medio,0.96
210250.0,Medio,1.0
210254.0,Medio,0.95
210351.0,Alto,0.9
210352.0,Medio,0.81
109074.41182682154,Alto,0.98
210353.0,Alto,0.99
210354.0,Alto,0.95
210451.0,Alto,0.97
210452.0,Alto,0.88
210454.0,Alto,0.98
210453.0,Alto,0.99
210450.0,Alto,0.93
210455.0,Alto,0.99
109074.41182682154,Medio,0.97
210550.0,Medio,0.98
210552.0,Medio,0.99
210553.0,Alto,0.91
210554.0,Medio,0.97
210650.0,Medio,1.0
210651.0,Medio,0.57
210652.0,Medio,0.83
210752.0,Alto,1.0
210751.0,Alto,0.91
210750.0,Alto,0.96
220153.0,Medio,0.96
220151.0,Medio,0.9
220154.0,Alto,0.98
220155.0,Alto,0.8
220156.0,Alto,0.97
220157.0,Alto,0.97
220158.0,Medio,0.97
220159.0,Alto,0.75
220150.0,Alto,0.97
220160.0,Medio,0.98
220161.0,Medio,0.94
220152.0,Medio,0.94
109074.41182682154,Alto,0.91
220252.0,Alto,0.79
220250.0,Alto,0.94
220253.0,Alto,0.93
220254.0,Alto,0.91
220255.0,Alto,0.96
220351.0,Alto,0.99
220350.0,Alto,0.99
220355.0,Medio,0.64
220352.0,Alto,0.98
220356.0,Alto,0.97
220353.0,Alto,0.97
220354.0,Alto,0.98
220357.0,Alto,0.97
220358.0,Alto,0.98
220451.0,Alto,0.94
220450.0,Alto,0.93
220452.0,Alto,0.95
220454.0,Medio,0.96
220453.0,Medio,0.85
220455.0,Medio,0.93
109074.41182682154,Medio,1.0
109074.41182682154,Medio,1.0
109074.41182682154,Medio,1.0
109074.41182682154,Medio,0.99
109074.41182682154,Medio,1.0
109074.41182682154,Medio,0.99
109074.41182682154,Bajo,0.97
109074.41182682154,Medio,1.0
240151.0,Medio,0.87
240153.0,Bajo,0.54
240152.0,Bajo,0.92
240154.0,Bajo,0.96
240156.0,Medio,0.86
240150.0,Bajo,0.78
240155.0,Bajo,0.92
109074.41182682154,Bajo,0.74
240351.0,Medio,0.92
240352.0,Medio,0.91
240350.0,Medio,0.93
109074.41182682154,Bajo,0.99
109074.41182682154,Bajo,0.98
109074.41182682154,Bajo,0.99
